-- Sample data for Banking Management System

-- Insert sample customers
INSERT OR IGNORE INTO customers (customer_id, first_name, last_name, email, phone, address, date_of_birth, ssn) VALUES
(1, 'John', 'Smith', 'john.smith@email.com', '(555) 123-4567', '123 Main St, Anytown, ST 12345', '1985-03-15', '123-45-6789'),
(2, 'Jane', 'Johnson', 'jane.johnson@email.com', '(555) 234-5678', '456 Oak Ave, Somewhere, ST 23456', '1990-07-22', '234-56-7890'),
(3, 'Michael', 'Brown', 'michael.brown@email.com', '(555) 345-6789', '789 Pine Rd, Elsewhere, ST 34567', '1982-11-08', '345-67-8901'),
(4, 'Sarah', 'Davis', 'sarah.davis@email.com', '(555) 456-7890', '321 Elm St, Nowhere, ST 45678', '1988-05-12', '456-78-9012'),
(5, 'Robert', 'Wilson', 'robert.wilson@email.com', '(555) 567-8901', '654 Maple Dr, Anywhere, ST 56789', '1975-09-30', '567-89-0123'),
(6, 'Emily', 'Taylor', 'emily.taylor@email.com', '(555) 678-9012', '987 Cedar Ln, Someplace, ST 67890', '1992-12-03', '678-90-1234'),
(7, 'David', 'Anderson', 'david.anderson@email.com', '(555) 789-0123', '147 Birch Way, Anyplace, ST 78901', '1980-04-18', '789-01-2345'),
(8, 'Lisa', 'Thomas', 'lisa.thomas@email.com', '(555) 890-1234', '258 Spruce St, Everytown, ST 89012', '1987-08-25', '890-12-3456'),
(9, 'James', 'Jackson', 'james.jackson@email.com', '(555) 901-2345', '369 Willow Ave, Hometown, ST 90123', '1983-01-14', '901-23-4567'),
(10, 'Jennifer', 'White', 'jennifer.white@email.com', '(555) 012-3456', '741 Poplar Rd, Yourtown, ST 01234', '1991-06-07', '012-34-5678');

-- Insert sample accounts
INSERT OR IGNORE INTO accounts (account_id, account_number, customer_id, account_type_id, balance, status) VALUES
(1, '1234567890', 1, 1, 2500.00, 'Active'),
(2, '2345678901', 1, 2, 1200.50, 'Active'),
(3, '3456789012', 2, 1, 5000.00, 'Active'),
(4, '4567890123', 2, 3, 15000.75, 'Active'),
(5, '5678901234', 3, 2, 800.25, 'Active'),
(6, '6789012345', 4, 1, 3200.00, 'Active'),
(7, '7890123456', 4, 2, 450.80, 'Active'),
(8, '8901234567', 5, 3, 25000.00, 'Active'),
(9, '9012345678', 6, 1, 1800.60, 'Active'),
(10, '0123456789', 6, 2, 950.30, 'Active'),
(11, '1357924680', 7, 1, 4200.00, 'Active'),
(12, '2468013579', 7, 3, 18500.25, 'Active'),
(13, '3691470258', 8, 2, 675.90, 'Active'),
(14, '4815926037', 9, 1, 3800.45, 'Active'),
(15, '5927384610', 9, 2, 1150.75, 'Active'),
(16, '6048271593', 10, 1, 2900.00, 'Active'),
(17, '7159382604', 10, 2, 520.40, 'Active'),
(18, '8260493715', 3, 1, 6500.80, 'Active'),
(19, '9371504826', 5, 1, 4100.25, 'Active'),
(20, '0482615937', 8, 3, 22000.00, 'Active');

-- Insert sample transactions
INSERT OR IGNORE INTO transactions (transaction_id, account_id, transaction_type_id, amount, balance_before, balance_after, description, reference_number, created_by) VALUES
(1, 1, 1, 2500.00, 0.00, 2500.00, 'Initial deposit', 'TXN1640000001001', 1),
(2, 2, 1, 1200.50, 0.00, 1200.50, 'Initial deposit', 'TXN1640000001002', 1),
(3, 3, 1, 5000.00, 0.00, 5000.00, 'Initial deposit', 'TXN1640000001003', 1),
(4, 4, 1, 15000.75, 0.00, 15000.75, 'Initial deposit', 'TXN1640000001004', 1),
(5, 5, 1, 800.25, 0.00, 800.25, 'Initial deposit', 'TXN1640000001005', 1),
(6, 1, 1, 500.00, 2500.00, 3000.00, 'Cash deposit', 'TXN1640000002001', 2),
(7, 1, 2, -200.00, 3000.00, 2800.00, 'ATM withdrawal', 'TXN1640000002002', 2),
(8, 3, 2, -300.00, 5000.00, 4700.00, 'Cash withdrawal', 'TXN1640000002003', 2),
(9, 2, 1, 150.00, 1200.50, 1350.50, 'Check deposit', 'TXN1640000002004', 2),
(10, 4, 2, -1000.00, 15000.75, 14000.75, 'Business expense', 'TXN1640000002005', 2),
(11, 1, 3, -300.00, 2800.00, 2500.00, 'Transfer to account 2345678901', 'TXN1640000003001', 1),
(12, 2, 3, 300.00, 1350.50, 1650.50, 'Transfer from account 1234567890', 'TXN1640000003001', 1),
(13, 5, 1, 200.00, 800.25, 1000.25, 'Direct deposit', 'TXN1640000003002', 2),
(14, 6, 1, 3200.00, 0.00, 3200.00, 'Initial deposit', 'TXN1640000003003', 1),
(15, 7, 1, 450.80, 0.00, 450.80, 'Initial deposit', 'TXN1640000003004', 1),
(16, 3, 1, 300.00, 4700.00, 5000.00, 'Interest payment', 'TXN1640000003005', 1),
(17, 6, 2, -150.00, 3200.00, 3050.00, 'Debit card purchase', 'TXN1640000003006', 2),
(18, 8, 1, 25000.00, 0.00, 25000.00, 'Initial deposit', 'TXN1640000003007', 1),
(19, 9, 1, 1800.60, 0.00, 1800.60, 'Initial deposit', 'TXN1640000003008', 1),
(20, 10, 1, 950.30, 0.00, 950.30, 'Initial deposit', 'TXN1640000003009', 1),
(21, 4, 1, 500.00, 14000.75, 14500.75, 'Business income', 'TXN1640000004001', 2),
(22, 7, 2, -50.00, 450.80, 400.80, 'Service fee', 'TXN1640000004002', 1),
(23, 8, 2, -2000.00, 25000.00, 23000.00, 'Business payment', 'TXN1640000004003', 2),
(24, 9, 2, -100.00, 1800.60, 1700.60, 'ATM withdrawal', 'TXN1640000004004', 2),
(25, 10, 1, 75.00, 950.30, 1025.30, 'Interest credit', 'TXN1640000004005', 1),
(26, 11, 1, 4200.00, 0.00, 4200.00, 'Initial deposit', 'TXN1640000004006', 1),
(27, 12, 1, 18500.25, 0.00, 18500.25, 'Initial deposit', 'TXN1640000004007', 1),
(28, 13, 1, 675.90, 0.00, 675.90, 'Initial deposit', 'TXN1640000004008', 1),
(29, 14, 1, 3800.45, 0.00, 3800.45, 'Initial deposit', 'TXN1640000004009', 1),
(30, 15, 1, 1150.75, 0.00, 1150.75, 'Initial deposit', 'TXN1640000004010', 1),
(31, 1, 2, -100.00, 2500.00, 2400.00, 'Online purchase', 'TXN1640000005001', 2),
(32, 3, 3, -500.00, 5000.00, 4500.00, 'Transfer to account 6789012345', 'TXN1640000005002', 2),
(33, 6, 3, 500.00, 3050.00, 3550.00, 'Transfer from account 3456789012', 'TXN1640000005002', 2),
(34, 11, 2, -250.00, 4200.00, 3950.00, 'Cash withdrawal', 'TXN1640000005003', 2),
(35, 12, 1, 1000.00, 18500.25, 19500.25, 'Business deposit', 'TXN1640000005004', 2),
(36, 13, 2, -75.00, 675.90, 600.90, 'Service charge', 'TXN1640000005005', 1),
(37, 14, 1, 200.00, 3800.45, 4000.45, 'Payroll deposit', 'TXN1640000005006', 2),
(38, 15, 2, -50.00, 1150.75, 1100.75, 'ATM fee', 'TXN1640000005007', 1),
(39, 16, 1, 2900.00, 0.00, 2900.00, 'Initial deposit', 'TXN1640000005008', 1),
(40, 17, 1, 520.40, 0.00, 520.40, 'Initial deposit', 'TXN1640000005009', 1),
(41, 18, 1, 6500.80, 0.00, 6500.80, 'Initial deposit', 'TXN1640000005010', 1),
(42, 19, 1, 4100.25, 0.00, 4100.25, 'Initial deposit', 'TXN1640000005011', 1),
(43, 20, 1, 22000.00, 0.00, 22000.00, 'Initial deposit', 'TXN1640000005012', 1),
(44, 2, 2, -25.00, 1650.50, 1625.50, 'Monthly fee', 'TXN1640000006001', 1),
(45, 5, 2, -200.00, 1000.25, 800.25, 'Debit purchase', 'TXN1640000006002', 2),
(46, 8, 1, 2000.00, 23000.00, 25000.00, 'Business revenue', 'TXN1640000006003', 2),
(47, 16, 2, -400.00, 2900.00, 2500.00, 'Rent payment', 'TXN1640000006004', 2),
(48, 18, 1, 150.00, 6500.80, 6650.80, 'Interest earned', 'TXN1640000006005', 1),
(49, 19, 2, -300.00, 4100.25, 3800.25, 'Utility payment', 'TXN1640000006006', 2),
(50, 20, 2, -5000.00, 22000.00, 17000.00, 'Equipment purchase', 'TXN1640000006007', 2);
